{
  "ny_retail_me": 0.2195441310633208,
  "ny_retail_mae": 2.949142224079646,
  "ny_retail_rmse": 3.9425641643019214,
  "ldn_retail_me": -7.405619479527664,
  "ldn_retail_mae": 13.433495782174276,
  "ldn_retail_rmse": 15.087294407326649,
  "ny_pharmacy_me": -0.8725362417118967,
  "ny_pharmacy_mae": 2.447396796001828,
  "ny_pharmacy_rmse": 3.7042215783919867,
  "ldn_pharmacy_me": -8.49378919388501,
  "ldn_pharmacy_mae": 9.623504299459157,
  "ldn_pharmacy_rmse": 11.74135058495082,
  "ny_parks_me": -1.3793005141850974,
  "ny_parks_mae": 10.49472584086774,
  "ny_parks_rmse": 11.88682334908761,
  "ldn_parks_me": -3.014535199521255,
  "ldn_parks_mae": 7.958764325333654,
  "ldn_parks_rmse": 8.741959410118689,
  "ny_transit_station_me": 0.15227457842729564,
  "ny_transit_station_mae": 4.887430512578482,
  "ny_transit_station_rmse": 6.601944506838043,
  "ldn_transit_station_me": -9.055658670975937,
  "ldn_transit_station_mae": 17.39123686850755,
  "ldn_transit_station_rmse": 18.8845598233819,
  "ny_workplaces_me": -0.595799857668043,
  "ny_workplaces_mae": 3.9518010076768695,
  "ny_workplaces_rmse": 5.115050186516239,
  "ldn_workplaces_me": -1.2065556562319213,
  "ldn_workplaces_mae": 4.252401793278251,
  "ldn_workplaces_rmse": 4.849579511511956,
  "ny_case_count_me": 373.2519282062241,
  "ny_case_count_mae": 488.86843091110285,
  "ny_case_count_rmse": 607.5558961363405,
  "ldn_case_count_me": 240.44479104202017,
  "ldn_case_count_mae": 630.0638209457427,
  "ldn_case_count_rmse": 677.1361334276074,
  "ny_hospitalized_count_me": 20.536639655674612,
  "ny_hospitalized_count_mae": 27.92368699470854,
  "ny_hospitalized_count_rmse": 39.15750875491068,
  "ldn_hospitalized_count_me": 34.370930056456274,
  "ldn_hospitalized_count_mae": 35.471829839918875,
  "ldn_hospitalized_count_rmse": 42.99327443633591,
  "ny_death_count_me": 3.0138011178823376,
  "ny_death_count_mae": 3.3828942524223238,
  "ny_death_count_rmse": 4.233856203382329,
  "ldn_death_count_me": 13.630597259881325,
  "ldn_death_count_mae": 13.630597259881325,
  "ldn_death_count_rmse": 14.298566697591024,
  "ny_avg_rmse": 85.27473310997117,
  "ldn_avg_rmse": 99.21658978735304
}